{
    "bloodborne": 1.0977207893993828,
    "dark souls": 0.8313645681251751,
    "dark souls 2": 0.704864432316185,
    "dark souls 3": 1.8284546648719653,
    "demons souls": 1.6464128736437844,
    "elden ring": 0.9975139123587752,
    "sekiro": 0.7629604065585308
}